2024-05-05 16:32:34,059,Episode Start - Observation: [0 0 0 0 0]
2024-05-05 16:32:34,824,Step: 5, Action: 0, Reward: 10.5, Observation: [2 0 1 0 0], Done: False
2024-05-05 16:32:35,482,Step: 10, Action: 0, Reward: 10.7, Observation: [3 1 1 0 0], Done: False
2024-05-05 16:32:36,142,Step: 15, Action: 3, Reward: 10.4, Observation: [3 3 2 1 3], Done: False
2024-05-05 16:32:36,792,Step: 20, Action: 0, Reward: 11.1, Observation: [3 6 2 1 0], Done: False
2024-05-05 16:32:37,444,Step: 25, Action: 3, Reward: 11.1, Observation: [3 6 1 2 3], Done: False
2024-05-05 16:32:38,089,Step: 30, Action: 0, Reward: 11.2, Observation: [4 8 2 3 0], Done: False
2024-05-05 16:32:38,744,Step: 35, Action: 1, Reward: 11.7, Observation: [6 5 3 4 1], Done: False
2024-05-05 16:32:39,392,Step: 40, Action: 3, Reward: 11.6, Observation: [4 4 6 6 3], Done: False
2024-05-05 16:32:40,043,Step: 45, Action: 0, Reward: 10.8, Observation: [4 6 6 6 0], Done: False
2024-05-05 16:32:40,696,Step: 50, Action: 2, Reward: 10.700000000000001, Observation: [5 7 7 7 2], Done: False
2024-05-05 16:32:41,355,Step: 55, Action: 2, Reward: 10.8, Observation: [ 5 11  8  6  2], Done: False
2024-05-05 16:32:41,997,Step: 60, Action: 1, Reward: 10.1, Observation: [5 9 9 6 1], Done: False
2024-05-05 16:32:42,647,Step: 65, Action: 3, Reward: 10.3, Observation: [ 4  7 11  6  3], Done: False
2024-05-05 16:32:43,307,Step: 70, Action: 2, Reward: 9.600000000000001, Observation: [ 4  7 12  7  2], Done: False
2024-05-05 16:32:43,957,Step: 75, Action: 0, Reward: 9.100000000000001, Observation: [ 5  8 11  5  0], Done: False
2024-05-05 16:32:44,611,Step: 80, Action: 1, Reward: 10.4, Observation: [6 7 7 6 1], Done: False
2024-05-05 16:32:45,261,Step: 85, Action: 2, Reward: 9.8, Observation: [8 5 8 5 2], Done: False
2024-05-05 16:32:45,906,Step: 90, Action: 0, Reward: 9.6, Observation: [10  7  8  6  0], Done: False
2024-05-05 16:32:46,552,Step: 95, Action: 3, Reward: 10.4, Observation: [8 9 9 7 3], Done: False
2024-05-05 16:32:47,204,Step: 100, Action: 0, Reward: 10.7, Observation: [ 8 10  9  8  0], Done: False
2024-05-05 16:32:47,861,Step: 105, Action: 1, Reward: 10.6, Observation: [ 9  9  9 10  1], Done: False
2024-05-05 16:32:48,515,Step: 110, Action: 2, Reward: 10.0, Observation: [ 9  6 11 11  2], Done: False
2024-05-05 16:32:49,158,Step: 115, Action: 0, Reward: 10.4, Observation: [10  7 12  9  0], Done: False
2024-05-05 16:32:49,820,Step: 120, Action: 3, Reward: 9.7, Observation: [ 7  8 12 10  3], Done: False
2024-05-05 16:32:50,470,Step: 125, Action: 0, Reward: 10.0, Observation: [ 6 11 12 12  0], Done: False
2024-05-05 16:32:51,126,Step: 130, Action: 2, Reward: 10.2, Observation: [ 8 12  9 10  2], Done: False
2024-05-05 16:32:51,780,Step: 135, Action: 1, Reward: 10.4, Observation: [10 12 10  7  1], Done: False
2024-05-05 16:32:52,428,Step: 140, Action: 1, Reward: 9.4, Observation: [12  9 11  8  1], Done: False
2024-05-05 16:32:53,077,Step: 145, Action: 0, Reward: 8.8, Observation: [15  7  9  9  0], Done: False
2024-05-05 16:32:53,726,Step: 150, Action: 2, Reward: 10.2, Observation: [17  9  7  9  2], Done: False
2024-05-05 16:32:54,380,Step: 155, Action: 2, Reward: 9.3, Observation: [21 12  9  4  2], Done: False
2024-05-05 16:32:55,028,Step: 160, Action: 3, Reward: 7.900000000000001, Observation: [20 14 12  4  3], Done: False
2024-05-05 16:32:55,687,Step: 165, Action: 3, Reward: 10.600000000000001, Observation: [15 17 14  6  3], Done: False
2024-05-05 16:32:56,340,Step: 170, Action: 1, Reward: 9.9, Observation: [10 18 16  7  1], Done: False
2024-05-05 16:32:56,989,Step: 175, Action: 1, Reward: 10.1, Observation: [12 15 17  6  1], Done: False
2024-05-05 16:32:57,643,Step: 180, Action: 0, Reward: 8.4, Observation: [15  9 18  7  0], Done: False
2024-05-05 16:32:58,292,Step: 185, Action: 3, Reward: 10.1, Observation: [14 11 17  8  3], Done: False
2024-05-05 16:32:58,953,Step: 190, Action: 0, Reward: 7.800000000000002, Observation: [13 14 16  9  0], Done: False
2024-05-05 16:32:59,603,Step: 195, Action: 0, Reward: 7.6, Observation: [16 16 13 11  0], Done: False
2024-05-05 16:33:00,252,Step: 200, Action: 3, Reward: 8.4, Observation: [16 17 10 14  3], Done: False
2024-05-05 16:33:00,906,Step: 205, Action: 2, Reward: 9.100000000000001, Observation: [13 18 13 14  2], Done: False
2024-05-05 16:33:01,553,Step: 210, Action: 1, Reward: 8.200000000000001, Observation: [16 18 14 10  1], Done: False
2024-05-05 16:33:02,208,Step: 215, Action: 1, Reward: 9.299999999999999, Observation: [18 13 15 11  1], Done: False
2024-05-05 16:33:02,857,Step: 220, Action: 3, Reward: 7.800000000000001, Observation: [16 10 16 12  3], Done: False
2024-05-05 16:33:03,511,Step: 225, Action: 0, Reward: 8.3, Observation: [11 14 15 14  0], Done: False
2024-05-05 16:33:04,172,Step: 230, Action: 2, Reward: 9.3, Observation: [ 8 16 12 12  2], Done: False
2024-05-05 16:33:04,723,Step: 235, Action: 1, Reward: 8.9, Observation: [10 15 13  9  1], Done: False
2024-05-05 16:33:05,066,Step: 240, Action: 3, Reward: 8.5, Observation: [ 9 11 17  9  3], Done: False
2024-05-05 16:33:05,267,Step: 245, Action: 0, Reward: 8.000000000000002, Observation: [ 9 11 17 11  0], Done: False
2024-05-05 16:33:05,454,Step: 250, Action: 2, Reward: 9.4, Observation: [ 9 13 15 12  2], Done: False
2024-05-05 16:33:05,639,Step: 255, Action: 0, Reward: 9.700000000000001, Observation: [12 17 16  8  0], Done: False
2024-05-05 16:33:05,824,Step: 260, Action: 1, Reward: 10.0, Observation: [15 16 11 10  1], Done: False
2024-05-05 16:33:06,010,Step: 265, Action: 1, Reward: 9.700000000000001, Observation: [18 13 12 12  1], Done: False
2024-05-05 16:33:06,196,Step: 270, Action: 3, Reward: 8.5, Observation: [17 11 14 13  3], Done: False
2024-05-05 16:33:06,384,Step: 275, Action: 0, Reward: 8.8, Observation: [16 11 13 13  0], Done: False
2024-05-05 16:33:06,570,Step: 280, Action: 3, Reward: 9.0, Observation: [17 11 12 14  3], Done: False
2024-05-05 16:33:06,757,Step: 285, Action: 2, Reward: 8.0, Observation: [14 11 12 16  2], Done: False
2024-05-05 16:33:06,944,Step: 290, Action: 0, Reward: 9.200000000000001, Observation: [15 11 13 14  0], Done: False
2024-05-05 16:33:07,129,Step: 295, Action: 2, Reward: 8.6, Observation: [18 15 10 13  2], Done: False
2024-05-05 16:33:07,317,Step: 300, Action: 3, Reward: 8.700000000000001, Observation: [17 16 11 10  3], Done: False
2024-05-05 16:33:07,505,Step: 305, Action: 3, Reward: 9.6, Observation: [15 19 13 10  3], Done: False
2024-05-05 16:33:07,691,Step: 310, Action: 1, Reward: 8.9, Observation: [15 18 14 12  1], Done: False
2024-05-05 16:33:07,877,Step: 315, Action: 2, Reward: 11.3, Observation: [16 15 12 13  2], Done: False
2024-05-05 16:33:08,064,Step: 320, Action: 2, Reward: 8.700000000000001, Observation: [18 18 12  9  2], Done: False
2024-05-05 16:33:08,250,Step: 325, Action: 1, Reward: 6.300000000000001, Observation: [21 18 14  5  1], Done: False
2024-05-05 16:33:08,435,Step: 330, Action: 3, Reward: 7.3999999999999995, Observation: [22 17 17  6  3], Done: False
2024-05-05 16:33:08,625,Step: 335, Action: 1, Reward: 9.600000000000001, Observation: [19 13 19  9  1], Done: False
2024-05-05 16:33:08,792,Step: 340, Action: 1, Reward: 9.4, Observation: [21 11 20 10  1], Done: False
2024-05-05 16:33:08,978,Step: 345, Action: 0, Reward: 6.4, Observation: [21 12 18 12  0], Done: False
2024-05-05 16:33:09,163,Step: 350, Action: 2, Reward: 8.6, Observation: [23 14 16 12  2], Done: False
2024-05-05 16:33:09,350,Step: 355, Action: 3, Reward: 7.1000000000000005, Observation: [22 14 18  7  3], Done: False
2024-05-05 16:33:09,539,Step: 360, Action: 0, Reward: 9.600000000000001, Observation: [19 16 19  9  0], Done: False
2024-05-05 16:33:09,734,Step: 365, Action: 3, Reward: 10.4, Observation: [18 17 16 12  3], Done: False
2024-05-05 16:33:09,904,Step: 370, Action: 1, Reward: 10.299999999999999, Observation: [13 15 17 16  1], Done: False
2024-05-05 16:33:10,085,Step: 375, Action: 0, Reward: 9.200000000000001, Observation: [13 13 18 19  0], Done: False
2024-05-05 16:33:10,281,Step: 380, Action: 0, Reward: 8.5, Observation: [15 13 14 22  0], Done: False
2024-05-05 16:33:10,442,Step: 385, Action: 2, Reward: 7.200000000000002, Observation: [17 14 12 21  2], Done: False
2024-05-05 16:33:10,630,Step: 390, Action: 2, Reward: 8.9, Observation: [18 15 14 15  2], Done: False
2024-05-05 16:33:10,814,Step: 395, Action: 0, Reward: 6.500000000000001, Observation: [21 18 13  9  0], Done: False
2024-05-05 16:33:10,998,Step: 400, Action: 1, Reward: 6.900000000000001, Observation: [23 17 11  9  1], Done: False
2024-05-05 16:33:11,187,Step: 405, Action: 3, Reward: 7.2, Observation: [20 15 11 11  3], Done: False
2024-05-05 16:33:11,375,Step: 410, Action: 1, Reward: 9.4, Observation: [19 11 13 12  1], Done: False
2024-05-05 16:33:11,563,Step: 415, Action: 3, Reward: 9.100000000000001, Observation: [18  9 14 14  3], Done: False
2024-05-05 16:33:11,749,Step: 420, Action: 0, Reward: 9.700000000000001, Observation: [19 11 12 14  0], Done: False
2024-05-05 16:33:11,937,Step: 425, Action: 3, Reward: 10.700000000000001, Observation: [18 14  9 15  3], Done: False
2024-05-05 16:33:12,126,Step: 430, Action: 1, Reward: 8.2, Observation: [18 16 11 19  1], Done: False
2024-05-05 16:33:12,294,Step: 435, Action: 2, Reward: 8.100000000000001, Observation: [20 16 12 18  2], Done: False
2024-05-05 16:33:12,480,Step: 440, Action: 3, Reward: 9.2, Observation: [19 16 14 16  3], Done: False
2024-05-05 16:33:12,670,Step: 445, Action: 0, Reward: 9.4, Observation: [18 18 13 16  0], Done: False
2024-05-05 16:33:12,852,Step: 450, Action: 3, Reward: 7.3999999999999995, Observation: [16 21 10 16  3], Done: False
2024-05-05 16:33:12,981,Step: 455, Action: 3, Reward: 6.000000000000002, Observation: [12 22 11 17  3], Done: False
2024-05-05 16:33:12,996,Step: 460, Action: 1, Reward: 4.4, Observation: [ 9 20 13 21  1], Done: False
2024-05-05 16:33:13,011,Step: 465, Action: 1, Reward: 6.6000000000000005, Observation: [10 17 13 22  1], Done: False
2024-05-05 16:33:13,024,Step: 470, Action: 2, Reward: 6.800000000000002, Observation: [13 13 13 21  2], Done: False
2024-05-05 16:33:13,037,Step: 475, Action: 2, Reward: 9.1, Observation: [16 16 15 17  2], Done: False
2024-05-05 16:33:13,050,Step: 480, Action: 2, Reward: 8.8, Observation: [17 17 18 12  2], Done: False
2024-05-05 16:33:13,064,Step: 485, Action: 0, Reward: 7.200000000000001, Observation: [20 17 18  8  0], Done: False
2024-05-05 16:33:13,076,Step: 490, Action: 0, Reward: 5.9, Observation: [24 19 12  9  0], Done: False
2024-05-05 16:33:13,088,Step: 495, Action: 2, Reward: 5.4, Observation: [26 20  9  8  2], Done: False
2024-05-05 16:33:13,100,Step: 500, Action: 3, Reward: 4.6000000000000005, Observation: [26 23 10  6  3], Done: False
2024-05-05 16:33:13,122,Step: 505, Action: 3, Reward: 7.9, Observation: [21 25 11  7  3], Done: False
2024-05-05 16:33:13,135,Step: 510, Action: 1, Reward: 7.000000000000001, Observation: [18 26 11 10  1], Done: False
2024-05-05 16:33:13,148,Step: 515, Action: 1, Reward: 8.5, Observation: [20 23 13 11  1], Done: False
2024-05-05 16:33:13,161,Step: 520, Action: 1, Reward: 6.500000000000002, Observation: [23 19 14 12  1], Done: False
2024-05-05 16:33:13,174,Step: 525, Action: 3, Reward: 6.300000000000002, Observation: [22 17 16 14  3], Done: False
2024-05-05 16:33:13,187,Step: 530, Action: 0, Reward: 8.3, Observation: [19 18 15 17  0], Done: False
2024-05-05 16:33:13,200,Step: 535, Action: 2, Reward: 8.3, Observation: [21 19 12 17  2], Done: False
2024-05-05 16:33:13,214,Step: 540, Action: 2, Reward: 5.900000000000001, Observation: [23 20 12 13  2], Done: False
2024-05-05 16:33:13,227,Step: 545, Action: 1, Reward: 3.6000000000000005, Observation: [25 19 15  9  1], Done: False
2024-05-05 16:33:13,251,Step: 550, Action: 1, Reward: 5.800000000000002, Observation: [27 14 14 10  1], Done: False
2024-05-05 16:33:13,265,Step: 555, Action: 3, Reward: 5.6000000000000005, Observation: [27 12 15 12  3], Done: False
2024-05-05 16:33:13,278,Step: 560, Action: 0, Reward: 8.700000000000001, Observation: [25 15 15 14  0], Done: False
2024-05-05 16:33:13,290,Step: 565, Action: 3, Reward: 8.799999999999999, Observation: [25 16 15 16  3], Done: False
2024-05-05 16:33:13,303,Step: 570, Action: 3, Reward: 9.9, Observation: [20 18 17 17  3], Done: False
2024-05-05 16:33:13,315,Step: 575, Action: 1, Reward: 7.400000000000001, Observation: [14 18 16 20  1], Done: False
2024-05-05 16:33:13,327,Step: 580, Action: 2, Reward: 6.500000000000001, Observation: [16 14 15 20  2], Done: False
2024-05-05 16:33:13,339,Step: 585, Action: 1, Reward: 7.700000000000001, Observation: [18 13 17 17  1], Done: False
2024-05-05 16:33:13,351,Step: 590, Action: 0, Reward: 7.400000000000001, Observation: [21  9 17 19  0], Done: False
2024-05-05 16:33:13,364,Step: 595, Action: 2, Reward: 6.1, Observation: [25 11 15 18  2], Done: False
2024-05-05 16:33:13,377,Step: 600, Action: 3, Reward: 9.6, Observation: [23 13 17 16  3], Done: False
2024-05-05 16:33:13,388,Step: 605, Action: 0, Reward: 12.0, Observation: [21 16 17 13  0], Done: False
2024-05-05 16:33:13,401,Step: 610, Action: 2, Reward: 9.200000000000001, Observation: [24 17 16 12  2], Done: False
2024-05-05 16:33:13,415,Step: 615, Action: 3, Reward: 8.400000000000002, Observation: [23 19 17 11  3], Done: False
2024-05-05 16:33:13,429,Step: 620, Action: 1, Reward: 10.700000000000001, Observation: [20 22 19 12  1], Done: False
2024-05-05 16:33:13,444,Step: 625, Action: 3, Reward: 7.1000000000000005, Observation: [18 19 22 12  3], Done: False
2024-05-05 16:33:13,458,Step: 630, Action: 1, Reward: 8.4, Observation: [17 20 24 12  1], Done: False
2024-05-05 16:33:13,473,Step: 635, Action: 0, Reward: 6.1000000000000005, Observation: [18 18 24 14  0], Done: False
2024-05-05 16:33:13,488,Step: 640, Action: 0, Reward: 6.700000000000001, Observation: [20 18 21 15  0], Done: False
2024-05-05 16:33:13,502,Step: 645, Action: 1, Reward: 5.3, Observation: [22 16 18 15  1], Done: False
2024-05-05 16:33:13,517,Step: 650, Action: 3, Reward: 5.699999999999999, Observation: [21 13 18 18  3], Done: False
2024-05-05 16:33:13,532,Step: 655, Action: 0, Reward: 8.7, Observation: [22 16 19 20  0], Done: False
2024-05-05 16:33:13,547,Step: 660, Action: 3, Reward: 8.5, Observation: [23 18 15 21  3], Done: False
2024-05-05 16:33:13,562,Step: 665, Action: 3, Reward: 7.800000000000001, Observation: [18 21 14 24  3], Done: False
2024-05-05 16:33:13,585,Step: 670, Action: 3, Reward: 4.800000000000002, Observation: [12 22 17 24  3], Done: False
2024-05-05 16:33:13,597,Step: 675, Action: 2, Reward: 2.700000000000001, Observation: [ 7 22 19 26  2], Done: False
2024-05-05 16:33:13,610,Step: 680, Action: 2, Reward: 5.200000000000001, Observation: [ 7 25 21 21  2], Done: False
2024-05-05 16:33:13,621,Step: 685, Action: 1, Reward: 5.800000000000002, Observation: [ 9 24 24 15  1], Done: False
2024-05-05 16:33:13,634,Step: 690, Action: 1, Reward: 7.700000000000001, Observation: [11 17 27 17  1], Done: False
2024-05-05 16:33:13,646,Step: 695, Action: 1, Reward: 4.9, Observation: [13 11 28 17  1], Done: False
2024-05-05 16:33:13,659,Step: 700, Action: 0, Reward: 3.1000000000000005, Observation: [14  9 27 19  0], Done: False
2024-05-05 16:33:13,672,Step: 705, Action: 3, Reward: 6.400000000000001, Observation: [13 11 25 22  3], Done: False
2024-05-05 16:33:13,684,Step: 710, Action: 2, Reward: 6.000000000000001, Observation: [13 13 25 23  2], Done: False
2024-05-05 16:33:13,697,Step: 715, Action: 3, Reward: 7.1000000000000005, Observation: [11 14 27 22  3], Done: False
2024-05-05 16:33:13,708,Step: 720, Action: 0, Reward: 5.500000000000001, Observation: [ 9 16 28 23  0], Done: False
2024-05-05 16:33:13,721,Step: 725, Action: 2, Reward: 5.900000000000001, Observation: [ 9 16 26 23  2], Done: False
2024-05-05 16:33:13,734,Step: 730, Action: 2, Reward: 8.3, Observation: [11 17 26 21  2], Done: False
2024-05-05 16:33:13,746,Step: 735, Action: 2, Reward: 6.1000000000000005, Observation: [13 18 28 16  2], Done: False
2024-05-05 16:33:13,758,Step: 740, Action: 0, Reward: 5.1, Observation: [15 20 27 12  0], Done: False
2024-05-05 16:33:13,770,Step: 745, Action: 1, Reward: 6.400000000000002, Observation: [19 19 25 12  1], Done: False
2024-05-05 16:33:13,783,Step: 750, Action: 1, Reward: 8.1, Observation: [21 14 23 15  1], Done: False
2024-05-05 16:33:13,796,Step: 755, Action: 2, Reward: 5.1000000000000005, Observation: [22  8 25 16  2], Done: False
2024-05-05 16:33:13,808,Step: 760, Action: 3, Reward: 4.900000000000001, Observation: [22  8 27 16  3], Done: False
2024-05-05 16:33:13,821,Step: 765, Action: 0, Reward: 5.5, Observation: [20  9 25 18  0], Done: False
2024-05-05 16:33:13,833,Step: 770, Action: 0, Reward: 6.699999999999999, Observation: [18 10 22 21  0], Done: False
2024-05-05 16:33:13,846,Step: 775, Action: 2, Reward: 7.0, Observation: [18 12 18 21  2], Done: False
2024-05-05 16:33:13,858,Step: 780, Action: 2, Reward: 8.000000000000002, Observation: [19 14 21 19  2], Done: False
2024-05-05 16:33:13,870,Step: 785, Action: 0, Reward: 7.1000000000000005, Observation: [22 16 19 16  0], Done: False
2024-05-05 16:33:13,883,Step: 790, Action: 3, Reward: 6.1, Observation: [22 18 17 18  3], Done: False
2024-05-05 16:33:13,896,Step: 795, Action: 2, Reward: 8.4, Observation: [20 20 19 19  2], Done: False
2024-05-05 16:33:13,908,Step: 800, Action: 1, Reward: 8.8, Observation: [21 20 22 19  1], Done: False
2024-05-05 16:33:13,921,Step: 805, Action: 1, Reward: 7.500000000000001, Observation: [19 14 24 19  1], Done: False
2024-05-05 16:33:13,934,Step: 810, Action: 0, Reward: 4.0, Observation: [20  7 24 20  0], Done: False
2024-05-05 16:33:13,947,Step: 815, Action: 2, Reward: 6.1, Observation: [23  8 21 20  2], Done: False
2024-05-05 16:33:13,961,Step: 820, Action: 3, Reward: 8.9, Observation: [22 10 20 18  3], Done: False
2024-05-05 16:33:13,973,Step: 825, Action: 0, Reward: 8.100000000000001, Observation: [19 14 21 21  0], Done: False
2024-05-05 16:33:13,986,Step: 830, Action: 2, Reward: 9.0, Observation: [21 15 18 22  2], Done: False
2024-05-05 16:33:13,999,Step: 835, Action: 2, Reward: 7.5, Observation: [21 17 18 17  2], Done: False
2024-05-05 16:33:14,023,Step: 840, Action: 3, Reward: 5.800000000000001, Observation: [18 19 18 13  3], Done: False
2024-05-05 16:33:14,036,Step: 845, Action: 2, Reward: 7.400000000000001, Observation: [15 22 19 11  2], Done: False
2024-05-05 16:33:14,049,Step: 850, Action: 1, Reward: 6.6, Observation: [15 23 21  8  1], Done: False
2024-05-05 16:33:14,062,Step: 855, Action: 3, Reward: 6.6000000000000005, Observation: [14 21 24  9  3], Done: False
2024-05-05 16:33:14,074,Step: 860, Action: 1, Reward: 6.8, Observation: [13 18 25 11  1], Done: False
2024-05-05 16:33:14,088,Step: 865, Action: 0, Reward: 6.600000000000001, Observation: [14 15 23 12  0], Done: False
2024-05-05 16:33:14,101,Step: 870, Action: 1, Reward: 9.700000000000001, Observation: [17 12 22 15  1], Done: False
2024-05-05 16:33:14,114,Step: 875, Action: 2, Reward: 9.600000000000001, Observation: [17 11 22 15  2], Done: False
2024-05-05 16:33:14,127,Step: 880, Action: 0, Reward: 7.600000000000001, Observation: [19 12 23 14  0], Done: False
2024-05-05 16:33:14,139,Step: 885, Action: 0, Reward: 8.0, Observation: [21 14 19 13  0], Done: False
2024-05-05 16:33:14,152,Step: 890, Action: 3, Reward: 7.7, Observation: [21 15 16 14  3], Done: False
2024-05-05 16:33:14,165,Step: 895, Action: 0, Reward: 9.3, Observation: [19 16 13 13  0], Done: False
2024-05-05 16:33:14,177,Step: 900, Action: 3, Reward: 8.5, Observation: [18 20 10 13  3], Done: False
2024-05-05 16:33:14,190,Step: 905, Action: 1, Reward: 8.4, Observation: [17 18 11 14  1], Done: False
2024-05-05 16:33:14,202,Step: 910, Action: 2, Reward: 8.700000000000001, Observation: [16 16 12 13  2], Done: False
2024-05-05 16:33:14,215,Step: 915, Action: 1, Reward: 8.700000000000001, Observation: [16 16 15 10  1], Done: False
2024-05-05 16:33:14,227,Step: 920, Action: 1, Reward: 7.800000000000001, Observation: [14 11 17 12  1], Done: False
2024-05-05 16:33:14,239,Step: 925, Action: 0, Reward: 6.3, Observation: [17  8 16 14  0], Done: False
2024-05-05 16:33:14,251,Step: 930, Action: 3, Reward: 9.4, Observation: [16 11 11 17  3], Done: False
2024-05-05 16:33:14,263,Step: 935, Action: 2, Reward: 9.200000000000001, Observation: [16 13  9 15  2], Done: False
2024-05-05 16:33:14,275,Step: 940, Action: 2, Reward: 10.700000000000001, Observation: [17 15 12 12  2], Done: False
2024-05-05 16:33:14,287,Step: 945, Action: 1, Reward: 9.000000000000002, Observation: [18 16 14  9  1], Done: False
2024-05-05 16:33:14,299,Step: 950, Action: 1, Reward: 7.400000000000001, Observation: [19 10 14 10  1], Done: False
2024-05-05 16:33:14,312,Step: 955, Action: 3, Reward: 6.500000000000001, Observation: [18  6 17 12  3], Done: False
2024-05-05 16:33:14,323,Step: 960, Action: 0, Reward: 9.0, Observation: [14  8 14 12  0], Done: False
2024-05-05 16:33:14,336,Step: 965, Action: 3, Reward: 11.1, Observation: [13 10 12 13  3], Done: False
2024-05-05 16:33:14,348,Step: 970, Action: 0, Reward: 9.700000000000001, Observation: [13 11  9 14  0], Done: False
2024-05-05 16:33:14,360,Step: 975, Action: 2, Reward: 9.9, Observation: [15 13  9 11  2], Done: False
2024-05-05 16:33:14,372,Step: 980, Action: 3, Reward: 10.0, Observation: [15 16 11  7  3], Done: False
2024-05-05 16:33:14,385,Step: 985, Action: 1, Reward: 9.200000000000001, Observation: [16 15 12 10  1], Done: False
2024-05-05 16:33:14,397,Step: 990, Action: 1, Reward: 11.0, Observation: [17  9 11 13  1], Done: False
2024-05-05 16:33:14,409,Step: 995, Action: 3, Reward: 9.8, Observation: [19  6 12 16  3], Done: False
2024-05-05 16:33:14,423,Step: 1000, Action: 0, Reward: 8.200000000000001, Observation: [17  8 12 16  0], Done: False
2024-05-05 16:33:14,447,Step: 1005, Action: 2, Reward: 10.1, Observation: [18 11 11 13  2], Done: False
2024-05-05 16:33:14,461,Step: 1010, Action: 2, Reward: 10.4, Observation: [19 13 13  8  2], Done: False
2024-05-05 16:33:14,473,Step: 1015, Action: 0, Reward: 7.900000000000001, Observation: [23 14 12  3  0], Done: False
2024-05-05 16:33:14,487,Step: 1020, Action: 3, Reward: 8.4, Observation: [22 16 11  4  3], Done: False
2024-05-05 16:33:14,505,Step: 1025, Action: 3, Reward: 8.8, Observation: [17 17 12  6  3], Done: False
2024-05-05 16:33:14,520,Step: 1030, Action: 3, Reward: 7.8, Observation: [12 18 13  8  3], Done: False
2024-05-05 16:33:14,534,Step: 1035, Action: 1, Reward: 8.3, Observation: [11 17 15 10  1], Done: False
2024-05-05 16:33:14,548,Step: 1040, Action: 1, Reward: 9.799999999999999, Observation: [12 13 16 12  1], Done: False
2024-05-05 16:33:14,561,Step: 1045, Action: 3, Reward: 8.3, Observation: [12  8 19 14  3], Done: False
2024-05-05 16:33:14,574,Step: 1050, Action: 0, Reward: 9.0, Observation: [12  9 18 13  0], Done: False
2024-05-05 16:33:14,588,Step: 1055, Action: 3, Reward: 11.200000000000001, Observation: [13  9 14 16  3], Done: False
2024-05-05 16:33:14,602,Step: 1060, Action: 1, Reward: 10.5, Observation: [13  7 17 17  1], Done: False
2024-05-05 16:33:14,616,Step: 1065, Action: 0, Reward: 8.200000000000001, Observation: [15  5 14 19  0], Done: False
2024-05-05 16:33:14,630,Step: 1070, Action: 3, Reward: 8.8, Observation: [13  7 13 19  3], Done: False
2024-05-05 16:33:14,642,Step: 1075, Action: 0, Reward: 7.800000000000001, Observation: [11  9 12 20  0], Done: False
2024-05-05 16:33:14,655,Step: 1080, Action: 2, Reward: 8.5, Observation: [11  9 12 20  2], Done: False
2024-05-05 16:33:14,669,Step: 1085, Action: 2, Reward: 8.4, Observation: [13 12 13 16  2], Done: False
2024-05-05 16:33:14,683,Step: 1090, Action: 2, Reward: 8.100000000000001, Observation: [15 14 14 15  2], Done: False
2024-05-05 16:33:14,697,Step: 1095, Action: 2, Reward: 6.4, Observation: [15 17 17 12  2], Done: False
2024-05-05 16:33:14,710,Step: 1100, Action: 1, Reward: 6.3, Observation: [16 15 20  9  1], Done: False
2024-05-05 16:33:14,722,Step: 1105, Action: 1, Reward: 5.7, Observation: [18 12 22 10  1], Done: False
2024-05-05 16:33:14,735,Step: 1110, Action: 0, Reward: 5.300000000000001, Observation: [19  9 21 12  0], Done: False
2024-05-05 16:33:14,748,Step: 1115, Action: 3, Reward: 7.600000000000001, Observation: [18 10 19 14  3], Done: False
2024-05-05 16:33:14,761,Step: 1120, Action: 0, Reward: 10.1, Observation: [18 13 18 16  0], Done: False
2024-05-05 16:33:14,774,Step: 1125, Action: 2, Reward: 9.5, Observation: [21 16 16 16  2], Done: False
2024-05-05 16:33:14,787,Step: 1130, Action: 2, Reward: 7.500000000000001, Observation: [24 16 13 11  2], Done: False
2024-05-05 16:33:14,800,Step: 1135, Action: 3, Reward: 5.5, Observation: [24 20 14  8  3], Done: False
2024-05-05 16:33:14,814,Step: 1140, Action: 3, Reward: 7.700000000000001, Observation: [20 22 15  7  3], Done: False
2024-05-05 16:33:14,828,Step: 1145, Action: 1, Reward: 8.5, Observation: [15 22 18  8  1], Done: False
2024-05-05 16:33:14,841,Step: 1150, Action: 1, Reward: 10.0, Observation: [15 17 21  9  1], Done: False
2024-05-05 16:33:14,854,Step: 1155, Action: 1, Reward: 6.700000000000001, Observation: [16 13 22 12  1], Done: False
2024-05-05 16:33:14,866,Step: 1160, Action: 0, Reward: 4.7, Observation: [18  8 21 14  0], Done: False
2024-05-05 16:33:14,879,Step: 1165, Action: 0, Reward: 7.7, Observation: [21  7 18 15  0], Done: False
2024-05-05 16:33:14,890,Step: 1170, Action: 3, Reward: 7.1000000000000005, Observation: [22  8 12 16  3], Done: False
2024-05-05 16:33:14,912,Step: 1175, Action: 3, Reward: 8.9, Observation: [19  9 12 19  3], Done: False
2024-05-05 16:33:14,923,Step: 1180, Action: 2, Reward: 8.0, Observation: [17 10 13 19  2], Done: False
2024-05-05 16:33:14,935,Step: 1185, Action: 1, Reward: 10.4, Observation: [17  9 13 17  1], Done: False
2024-05-05 16:33:14,948,Step: 1190, Action: 2, Reward: 9.3, Observation: [21  9 14 17  2], Done: False
2024-05-05 16:33:14,959,Step: 1195, Action: 2, Reward: 7.800000000000001, Observation: [23 10 18 15  2], Done: False
2024-05-05 16:33:14,971,Step: 1200, Action: 3, Reward: 6.900000000000001, Observation: [22 13 19  8  3], Done: False
2024-05-05 16:33:14,984,Step: 1205, Action: 3, Reward: 8.4, Observation: [20 14 20  9  3], Done: False
2024-05-05 16:33:14,995,Step: 1210, Action: 0, Reward: 8.200000000000001, Observation: [19 14 17 12  0], Done: False
2024-05-05 16:33:15,007,Step: 1215, Action: 2, Reward: 10.5, Observation: [20 14 14 12  2], Done: False
2024-05-05 16:33:15,021,Step: 1220, Action: 3, Reward: 6.700000000000001, Observation: [20 15 14 12  3], Done: False
2024-05-05 16:33:15,035,Step: 1225, Action: 0, Reward: 7.0, Observation: [19 16 11 13  0], Done: False
2024-05-05 16:33:15,052,Step: 1230, Action: 3, Reward: 9.0, Observation: [21 18  9 16  3], Done: False
2024-05-05 16:33:15,066,Step: 1235, Action: 2, Reward: 7.7, Observation: [18 20 10 17  2], Done: False
2024-05-05 16:33:15,077,Step: 1240, Action: 1, Reward: 9.0, Observation: [18 19 13 13  1], Done: False
2024-05-05 16:33:15,089,Step: 1245, Action: 3, Reward: 8.3, Observation: [17 19 14 12  3], Done: False
2024-05-05 16:33:15,101,Step: 1250, Action: 1, Reward: 10.0, Observation: [14 19 15 13  1], Done: False
2024-05-05 16:33:15,113,Step: 1255, Action: 1, Reward: 7.9, Observation: [16 14 17 14  1], Done: False
2024-05-05 16:33:15,125,Step: 1260, Action: 2, Reward: 6.2, Observation: [18  9 20 12  2], Done: False
2024-05-05 16:33:15,137,Step: 1265, Action: 0, Reward: 6.900000000000001, Observation: [18 11 20  9  0], Done: False
2024-05-05 16:33:15,150,Step: 1270, Action: 3, Reward: 8.6, Observation: [18 12 21 12  3], Done: False
2024-05-05 16:33:15,163,Step: 1275, Action: 1, Reward: 9.700000000000001, Observation: [16 12 23 13  1], Done: False
2024-05-05 16:33:15,176,Step: 1280, Action: 0, Reward: 7.8, Observation: [16  9 24 13  0], Done: False
2024-05-05 16:33:15,189,Step: 1285, Action: 0, Reward: 7.9, Observation: [19  9 22 11  0], Done: False
2024-05-05 16:33:15,201,Step: 1290, Action: 0, Reward: 7.4, Observation: [20 10 15 12  0], Done: False
2024-05-05 16:33:15,214,Step: 1295, Action: 3, Reward: 7.3, Observation: [18 12 11 14  3], Done: False
2024-05-05 16:33:15,226,Step: 1300, Action: 2, Reward: 9.4, Observation: [15 16 11 16  2], Done: False
2024-05-05 16:33:15,239,Step: 1305, Action: 1, Reward: 10.5, Observation: [17 14 13 13  1], Done: False
2024-05-05 16:33:15,253,Step: 1310, Action: 3, Reward: 8.600000000000001, Observation: [17 14 16 15  3], Done: False
2024-05-05 16:33:15,265,Step: 1315, Action: 1, Reward: 8.8, Observation: [13 16 18 17  1], Done: False
2024-05-05 16:33:15,279,Step: 1320, Action: 1, Reward: 7.1000000000000005, Observation: [16 13 20 19  1], Done: False
2024-05-05 16:33:15,291,Step: 1325, Action: 0, Reward: 5.300000000000001, Observation: [19 13 20 22  0], Done: False
2024-05-05 16:33:15,306,Step: 1330, Action: 2, Reward: 7.3, Observation: [21 15 16 20  2], Done: False
2024-05-05 16:33:15,320,Step: 1335, Action: 1, Reward: 9.4, Observation: [21 16 13 18  1], Done: False
2024-05-05 16:33:15,345,Step: 1340, Action: 2, Reward: 7.400000000000001, Observation: [22 15 15 15  2], Done: False
2024-05-05 16:33:15,358,Step: 1345, Action: 3, Reward: 6.300000000000001, Observation: [22 18 16 13  3], Done: False
2024-05-05 16:33:15,372,Step: 1350, Action: 1, Reward: 8.8, Observation: [18 18 19 12  1], Done: False
2024-05-05 16:33:15,386,Step: 1355, Action: 2, Reward: 8.2, Observation: [20 14 19 11  2], Done: False
2024-05-05 16:33:15,400,Step: 1360, Action: 0, Reward: 6.300000000000002, Observation: [24 16 18  9  0], Done: False
2024-05-05 16:33:15,415,Step: 1365, Action: 3, Reward: 6.000000000000002, Observation: [23 19 14  7  3], Done: False
2024-05-05 16:33:15,430,Step: 1370, Action: 3, Reward: 7.600000000000001, Observation: [19 21 17  9  3], Done: False
2024-05-05 16:33:15,441,Step: 1375, Action: 1, Reward: 7.000000000000001, Observation: [12 19 19  8  1], Done: False
2024-05-05 16:33:15,454,Step: 1380, Action: 1, Reward: 9.3, Observation: [13 15 21  9  1], Done: False
2024-05-05 16:33:15,466,Step: 1385, Action: 1, Reward: 6.8, Observation: [15 10 23 11  1], Done: False
2024-05-05 16:33:15,478,Step: 1390, Action: 0, Reward: 5.3999999999999995, Observation: [16  5 21 14  0], Done: False
2024-05-05 16:33:15,491,Step: 1395, Action: 0, Reward: 8.4, Observation: [17  5 16 16  0], Done: False
2024-05-05 16:33:15,503,Step: 1400, Action: 3, Reward: 9.100000000000001, Observation: [18  8 13 19  3], Done: False
2024-05-05 16:33:15,516,Step: 1405, Action: 3, Reward: 9.4, Observation: [13  9 16 20  3], Done: False
2024-05-05 16:33:15,528,Step: 1410, Action: 0, Reward: 8.400000000000002, Observation: [10 12 16 21  0], Done: False
2024-05-05 16:33:15,540,Step: 1415, Action: 2, Reward: 9.3, Observation: [11 14 12 20  2], Done: False
2024-05-05 16:33:15,553,Step: 1420, Action: 2, Reward: 11.3, Observation: [12 16 13 18  2], Done: False
2024-05-05 16:33:15,566,Step: 1425, Action: 1, Reward: 9.5, Observation: [13 16 14 13  1], Done: False
2024-05-05 16:33:15,579,Step: 1430, Action: 2, Reward: 8.8, Observation: [15 12 16 12  2], Done: False
2024-05-05 16:33:15,590,Step: 1435, Action: 0, Reward: 6.200000000000001, Observation: [15 15 17 10  0], Done: False
2024-05-05 16:33:15,603,Step: 1440, Action: 3, Reward: 7.200000000000002, Observation: [12 17 17 11  3], Done: False
2024-05-05 16:33:15,616,Step: 1445, Action: 1, Reward: 10.4, Observation: [ 8 17 18 13  1], Done: False
2024-05-05 16:33:15,628,Step: 1450, Action: 1, Reward: 8.8, Observation: [10 11 21 17  1], Done: False
2024-05-05 16:33:15,640,Step: 1455, Action: 0, Reward: 7.2, Observation: [11  5 21 19  0], Done: False
2024-05-05 16:33:15,652,Step: 1460, Action: 3, Reward: 8.9, Observation: [ 7  8 18 21  3], Done: False
2024-05-05 16:33:15,665,Step: 1465, Action: 2, Reward: 8.200000000000001, Observation: [ 9  9 16 18  2], Done: False
2024-05-05 16:33:15,676,Step: 1470, Action: 2, Reward: 9.7, Observation: [12 12 16 15  2], Done: False
2024-05-05 16:33:15,687,Step: 1475, Action: 0, Reward: 8.3, Observation: [14 15 15 12  0], Done: False
2024-05-05 16:33:15,700,Step: 1480, Action: 1, Reward: 9.799999999999999, Observation: [17 15 13 11  1], Done: False
2024-05-05 16:33:15,711,Step: 1485, Action: 3, Reward: 11.5, Observation: [18 13 15 15  3], Done: False
2024-05-05 16:33:15,723,Step: 1490, Action: 0, Reward: 9.4, Observation: [13 13 15 18  0], Done: False
2024-05-05 16:33:15,737,Step: 1495, Action: 2, Reward: 8.3, Observation: [13 14 14 18  2], Done: False
2024-05-05 16:33:15,751,Step: 1500, Action: 3, Reward: 10.0, Observation: [ 9 15 14 14  3], Done: False
2024-05-05 16:33:15,775,Step: 1505, Action: 0, Reward: 7.2, Observation: [ 8 16 14 11  0], Done: False
2024-05-05 16:33:15,800,Step: 1510, Action: 1, Reward: 6.900000000000001, Observation: [ 9 14 13 12  1], Done: False
2024-05-05 16:33:15,812,Step: 1515, Action: 1, Reward: 8.9, Observation: [11 10 13 13  1], Done: False
2024-05-05 16:33:15,826,Step: 1520, Action: 2, Reward: 8.5, Observation: [13  6 15 15  2], Done: False
2024-05-05 16:33:15,840,Step: 1525, Action: 0, Reward: 8.700000000000001, Observation: [14  7 15 13  0], Done: False
2024-05-05 16:33:15,854,Step: 1530, Action: 3, Reward: 9.2, Observation: [14  7 14 15  3], Done: False
2024-05-05 16:33:15,868,Step: 1535, Action: 2, Reward: 11.8, Observation: [12  8 18 17  2], Done: False
2024-05-05 16:33:15,883,Step: 1540, Action: 0, Reward: 10.5, Observation: [15 10 16 14  0], Done: False
2024-05-05 16:33:15,897,Step: 1545, Action: 0, Reward: 9.100000000000001, Observation: [17 12 12 15  0], Done: False
2024-05-05 16:33:15,910,Step: 1550, Action: 3, Reward: 9.0, Observation: [17 13 11 16  3], Done: False
2024-05-05 16:33:15,925,Step: 1555, Action: 1, Reward: 10.2, Observation: [15 11 14 17  1], Done: False
2024-05-05 16:33:15,938,Step: 1560, Action: 3, Reward: 8.6, Observation: [13 10 15 18  3], Done: False
2024-05-05 16:33:15,952,Step: 1565, Action: 2, Reward: 7.700000000000001, Observation: [ 9  9 16 19  2], Done: False
2024-05-05 16:33:15,965,Step: 1570, Action: 2, Reward: 8.9, Observation: [11 11 18 13  2], Done: False
2024-05-05 16:33:15,979,Step: 1575, Action: 0, Reward: 8.000000000000002, Observation: [14 13 16  8  0], Done: False
2024-05-05 16:33:15,991,Step: 1580, Action: 0, Reward: 9.200000000000001, Observation: [16 14 14 10  0], Done: False
2024-05-05 16:33:16,003,Step: 1585, Action: 1, Reward: 9.200000000000001, Observation: [19 12 10 12  1], Done: False
2024-05-05 16:33:16,015,Step: 1590, Action: 2, Reward: 10.1, Observation: [22 11 13 12  2], Done: False
2024-05-05 16:33:16,027,Step: 1595, Action: 3, Reward: 9.9, Observation: [21 13 15  9  3], Done: False
2024-05-05 16:33:16,038,Step: 1600, Action: 3, Reward: 10.5, Observation: [16 15 15 11  3], Done: False
2024-05-05 16:33:16,050,Step: 1605, Action: 0, Reward: 9.4, Observation: [13 18 13 15  0], Done: False
2024-05-05 16:33:16,062,Step: 1610, Action: 1, Reward: 9.3, Observation: [12 17  9 16  1], Done: False
2024-05-05 16:33:16,075,Step: 1615, Action: 1, Reward: 9.3, Observation: [13 12 11 18  1], Done: False
2024-05-05 16:33:16,087,Step: 1620, Action: 2, Reward: 7.400000000000001, Observation: [16  7 13 17  2], Done: False
2024-05-05 16:33:16,099,Step: 1625, Action: 2, Reward: 9.0, Observation: [17  7 15 15  2], Done: False
2024-05-05 16:33:16,111,Step: 1630, Action: 0, Reward: 7.9, Observation: [17  9 15 12  0], Done: False
2024-05-05 16:33:16,123,Step: 1635, Action: 3, Reward: 8.500000000000002, Observation: [18 11 14 12  3], Done: False
2024-05-05 16:33:16,136,Step: 1640, Action: 0, Reward: 10.5, Observation: [16 12 14 13  0], Done: False
2024-05-05 16:33:16,148,Step: 1645, Action: 1, Reward: 9.0, Observation: [18 10 13 13  1], Done: False
2024-05-05 16:33:16,160,Step: 1650, Action: 3, Reward: 8.9, Observation: [17 10 16 13  3], Done: False
2024-05-05 16:33:16,172,Step: 1655, Action: 0, Reward: 9.4, Observation: [16 11 15 14  0], Done: False
2024-05-05 16:33:16,186,Step: 1660, Action: 3, Reward: 8.8, Observation: [15 13 15 15  3], Done: False
2024-05-05 16:33:16,201,Step: 1665, Action: 2, Reward: 8.9, Observation: [12 14 15 15  2], Done: False
2024-05-05 16:33:16,215,Step: 1670, Action: 2, Reward: 8.9, Observation: [13 15 18 13  2], Done: False
2024-05-05 16:33:16,237,Step: 1675, Action: 0, Reward: 6.3, Observation: [16 15 15  9  0], Done: False
2024-05-05 16:33:16,249,Step: 1680, Action: 3, Reward: 8.3, Observation: [15 16 13  9  3], Done: False
2024-05-05 16:33:16,261,Step: 1685, Action: 0, Reward: 7.5, Observation: [12 18 10 12  0], Done: False
2024-05-05 16:33:16,273,Step: 1690, Action: 1, Reward: 7.8, Observation: [11 16  9 15  1], Done: False
2024-05-05 16:33:16,285,Step: 1695, Action: 2, Reward: 8.9, Observation: [11 14 11 14  2], Done: False
2024-05-05 16:33:16,297,Step: 1700, Action: 2, Reward: 8.200000000000001, Observation: [12 15 12 13  2], Done: False
2024-05-05 16:33:16,309,Step: 1705, Action: 1, Reward: 8.0, Observation: [14 16 14 12  1], Done: False
2024-05-05 16:33:16,321,Step: 1710, Action: 1, Reward: 8.6, Observation: [15 11 15 15  1], Done: False
2024-05-05 16:33:16,335,Step: 1715, Action: 2, Reward: 7.3999999999999995, Observation: [17  8 16 16  2], Done: False
2024-05-05 16:33:16,348,Step: 1720, Action: 0, Reward: 7.8, Observation: [17 11 16 16  0], Done: False
2024-05-05 16:33:16,360,Step: 1725, Action: 0, Reward: 7.800000000000001, Observation: [19 13 11 18  0], Done: False
2024-05-05 16:33:16,372,Step: 1730, Action: 2, Reward: 6.1000000000000005, Observation: [20 13  6 16  2], Done: False
2024-05-05 16:33:16,385,Step: 1735, Action: 3, Reward: 8.1, Observation: [22 16  9 12  3], Done: False
2024-05-05 16:33:16,397,Step: 1740, Action: 2, Reward: 9.4, Observation: [21 16  9 10  2], Done: False
2024-05-05 16:33:16,409,Step: 1745, Action: 3, Reward: 8.600000000000001, Observation: [19 17 12  8  3], Done: False
2024-05-05 16:33:16,422,Step: 1750, Action: 1, Reward: 8.200000000000001, Observation: [17 16 13  9  1], Done: False
2024-05-05 16:33:16,435,Step: 1755, Action: 3, Reward: 9.200000000000001, Observation: [17 15 14 10  3], Done: False
2024-05-05 16:33:16,449,Step: 1760, Action: 0, Reward: 8.200000000000001, Observation: [14 18 14 13  0], Done: False
2024-05-05 16:33:16,461,Step: 1765, Action: 3, Reward: 9.3, Observation: [13 20 14 16  3], Done: False
2024-05-05 16:33:16,473,Step: 1770, Action: 1, Reward: 7.900000000000001, Observation: [11 20 17 19  1], Done: False
2024-05-05 16:33:16,486,Step: 1775, Action: 2, Reward: 9.4, Observation: [13 16 20 18  2], Done: False
2024-05-05 16:33:16,499,Step: 1780, Action: 2, Reward: 8.9, Observation: [12 15 22 18  2], Done: False
2024-05-05 16:33:16,512,Step: 1785, Action: 2, Reward: 7.000000000000002, Observation: [14 14 23 13  2], Done: False
2024-05-05 16:33:16,525,Step: 1790, Action: 0, Reward: 5.500000000000001, Observation: [18 16 22 10  0], Done: False
2024-05-05 16:33:16,538,Step: 1795, Action: 3, Reward: 8.9, Observation: [15 20 19  8  3], Done: False
2024-05-05 16:33:16,550,Step: 1800, Action: 1, Reward: 8.8, Observation: [12 19 22  7  1], Done: False
2024-05-05 16:33:16,563,Step: 1805, Action: 0, Reward: 9.200000000000001, Observation: [12 17 21  8  0], Done: False
2024-05-05 16:33:16,575,Step: 1810, Action: 1, Reward: 10.0, Observation: [13 14 18 10  1], Done: False
2024-05-05 16:33:16,588,Step: 1815, Action: 0, Reward: 8.400000000000002, Observation: [16 13 17 12  0], Done: False
2024-05-05 16:33:16,601,Step: 1820, Action: 3, Reward: 9.3, Observation: [18 12 14 13  3], Done: False
2024-05-05 16:33:16,614,Step: 1825, Action: 0, Reward: 8.0, Observation: [16 16 10 15  0], Done: False
2024-05-05 16:33:16,626,Step: 1830, Action: 3, Reward: 9.8, Observation: [14 19  8 15  3], Done: False
2024-05-05 16:33:16,638,Step: 1835, Action: 1, Reward: 8.2, Observation: [15 20 11 15  1], Done: False
2024-05-05 16:33:16,662,Step: 1840, Action: 1, Reward: 8.8, Observation: [17 16 13 15  1], Done: False
2024-05-05 16:33:16,675,Step: 1845, Action: 2, Reward: 7.800000000000001, Observation: [17 13 14 13  2], Done: False
2024-05-05 16:33:16,687,Step: 1850, Action: 1, Reward: 9.700000000000001, Observation: [20 11 17 10  1], Done: False
2024-05-05 16:33:16,700,Step: 1855, Action: 3, Reward: 6.800000000000002, Observation: [21  9 18 12  3], Done: False
2024-05-05 16:33:16,713,Step: 1860, Action: 0, Reward: 8.000000000000002, Observation: [20 12 17 14  0], Done: False
2024-05-05 16:33:16,726,Step: 1865, Action: 3, Reward: 10.3, Observation: [20 13 14 17  3], Done: False
2024-05-05 16:33:16,740,Step: 1870, Action: 0, Reward: 9.9, Observation: [18 14 15 20  0], Done: False
2024-05-05 16:33:16,753,Step: 1875, Action: 2, Reward: 8.100000000000001, Observation: [18 16 12 20  2], Done: False
2024-05-05 16:33:16,766,Step: 1880, Action: 2, Reward: 8.6, Observation: [21 17 13 18  2], Done: False
2024-05-05 16:33:16,780,Step: 1885, Action: 2, Reward: 5.6000000000000005, Observation: [22 19 15 11  2], Done: False
2024-05-05 16:33:16,791,Step: 1890, Action: 0, Reward: 4.1000000000000005, Observation: [23 21 14  5  0], Done: False
2024-05-05 16:33:16,805,Step: 1895, Action: 1, Reward: 5.300000000000002, Observation: [26 21 12  7  1], Done: False
2024-05-05 16:33:16,818,Step: 1900, Action: 3, Reward: 7.9, Observation: [27 16 14  9  3], Done: False
2024-05-05 16:33:16,831,Step: 1905, Action: 3, Reward: 9.9, Observation: [23 14 16 10  3], Done: False
2024-05-05 16:33:16,844,Step: 1910, Action: 3, Reward: 8.5, Observation: [18 17 18 11  3], Done: False
2024-05-05 16:33:16,857,Step: 1915, Action: 0, Reward: 6.6000000000000005, Observation: [12 18 18 13  0], Done: False
2024-05-05 16:33:16,870,Step: 1920, Action: 1, Reward: 8.4, Observation: [14 18 16 15  1], Done: False
2024-05-05 16:33:16,883,Step: 1925, Action: 1, Reward: 8.3, Observation: [16 13 17 16  1], Done: False
2024-05-05 16:33:16,897,Step: 1930, Action: 0, Reward: 6.4, Observation: [17  9 17 18  0], Done: False
2024-05-05 16:33:16,909,Step: 1935, Action: 3, Reward: 7.900000000000001, Observation: [17  8 14 19  3], Done: False
2024-05-05 16:33:16,922,Step: 1940, Action: 3, Reward: 8.700000000000001, Observation: [12 10 15 20  3], Done: False
2024-05-05 16:33:16,935,Step: 1945, Action: 2, Reward: 7.3999999999999995, Observation: [ 8 12 16 21  2], Done: False
2024-05-05 16:33:16,948,Step: 1950, Action: 2, Reward: 10.8, Observation: [ 9 14 17 17  2], Done: False
2024-05-05 16:33:16,960,Step: 1955, Action: 2, Reward: 9.200000000000001, Observation: [12 16 20 11  2], Done: False
2024-05-05 16:33:16,973,Step: 1960, Action: 0, Reward: 7.800000000000001, Observation: [15 19 20  7  0], Done: False
2024-05-05 16:33:16,986,Step: 1965, Action: 0, Reward: 9.6, Observation: [18 21 17  8  0], Done: False
2024-05-05 16:33:17,000,Step: 1970, Action: 1, Reward: 8.4, Observation: [21 21 13 10  1], Done: False
2024-05-05 16:33:17,013,Step: 1975, Action: 3, Reward: 10.0, Observation: [19 17 15 13  3], Done: False
2024-05-05 16:33:17,036,Step: 1980, Action: 2, Reward: 11.0, Observation: [16 17 16 13  2], Done: False
2024-05-05 16:33:17,052,Step: 1985, Action: 1, Reward: 8.6, Observation: [16 16 16 11  1], Done: False
2024-05-05 16:33:17,066,Step: 1990, Action: 0, Reward: 8.200000000000001, Observation: [19 12 18 13  0], Done: False
2024-05-05 16:33:17,077,Step: 1995, Action: 0, Reward: 7.7, Observation: [22 12 13 15  0], Done: False
2024-05-05 16:33:17,089,Step: 2000, Action: 3, Reward: 6.3, Observation: [21 13 10 17  3], Done: False
2024-05-05 16:33:17,100,Step: 2005, Action: 3, Reward: 7.9, Observation: [16 16 11 18  3], Done: False
2024-05-05 16:33:17,124,Step: 2010, Action: 2, Reward: 7.2, Observation: [11 19 13 17  2], Done: False
2024-05-05 16:33:17,136,Step: 2015, Action: 1, Reward: 8.4, Observation: [11 19 16 14  1], Done: False
2024-05-05 16:33:17,149,Step: 2020, Action: 1, Reward: 8.7, Observation: [14 14 16 16  1], Done: False
2024-05-05 16:33:17,160,Step: 2025, Action: 1, Reward: 6.400000000000001, Observation: [16 13 17 18  1], Done: False
2024-05-05 16:33:17,174,Step: 2030, Action: 2, Reward: 6.2, Observation: [17 11 18 17  2], Done: False
2024-05-05 16:33:17,186,Step: 2035, Action: 0, Reward: 8.8, Observation: [20 13 17 12  0], Done: False
2024-05-05 16:33:17,198,Step: 2040, Action: 3, Reward: 8.3, Observation: [18 14 16 14  3], Done: False
2024-05-05 16:33:17,209,Step: 2045, Action: 2, Reward: 9.4, Observation: [15 16 17 13  2], Done: False
2024-05-05 16:33:18,294,Step: 2050, Action: 2, Reward: 8.799999999999999, Observation: [18 17 18  8  2], Done: False
2024-05-05 16:33:18,308,Step: 2055, Action: 1, Reward: 5.1000000000000005, Observation: [20 17 19  7  1], Done: False
2024-05-05 16:33:18,321,Step: 2060, Action: 1, Reward: 6.200000000000001, Observation: [23 14 20  8  1], Done: False
2024-05-05 16:33:18,333,Step: 2065, Action: 0, Reward: 5.7, Observation: [25 13 19 12  0], Done: False
2024-05-05 16:33:18,346,Step: 2070, Action: 3, Reward: 9.1, Observation: [23 15 17 15  3], Done: False
2024-05-05 16:33:18,359,Step: 2075, Action: 0, Reward: 11.100000000000001, Observation: [19 15 13 17  0], Done: False
2024-05-05 16:33:18,371,Step: 2080, Action: 2, Reward: 10.5, Observation: [21 15 12 16  2], Done: False
2024-05-05 16:33:18,384,Step: 2085, Action: 3, Reward: 7.900000000000001, Observation: [20 18 12 14  3], Done: False
2024-05-05 16:33:18,397,Step: 2090, Action: 1, Reward: 8.399999999999999, Observation: [18 17 15 16  1], Done: False
2024-05-05 16:33:18,409,Step: 2095, Action: 1, Reward: 7.700000000000001, Observation: [17 13 15 17  1], Done: False
2024-05-05 16:33:18,421,Step: 2100, Action: 2, Reward: 6.4, Observation: [18 14 16 17  2], Done: False
2024-05-05 16:33:18,434,Step: 2105, Action: 1, Reward: 8.4, Observation: [19 15 18 17  1], Done: False
2024-05-05 16:33:18,446,Step: 2110, Action: 3, Reward: 7.500000000000001, Observation: [18 14 18 19  3], Done: False
2024-05-05 16:33:18,458,Step: 2115, Action: 0, Reward: 6.7, Observation: [15 13 17 21  0], Done: False
2024-05-05 16:33:18,470,Step: 2120, Action: 2, Reward: 7.6000000000000005, Observation: [15 14 15 23  2], Done: False
2024-05-05 16:33:18,483,Step: 2125, Action: 2, Reward: 8.1, Observation: [16 14 17 20  2], Done: False
2024-05-05 16:33:18,495,Step: 2130, Action: 0, Reward: 6.800000000000001, Observation: [20 13 15 15  0], Done: False
2024-05-05 16:33:18,509,Step: 2135, Action: 2, Reward: 8.0, Observation: [21 15 14 16  2], Done: False
2024-05-05 16:33:18,521,Step: 2140, Action: 2, Reward: 7.700000000000001, Observation: [23 17 14 14  2], Done: False
2024-05-05 16:33:18,533,Step: 2145, Action: 3, Reward: 6.200000000000001, Observation: [22 19 14 12  3], Done: False
2024-05-05 16:33:18,545,Step: 2150, Action: 1, Reward: 7.900000000000001, Observation: [16 20 14 14  1], Done: False
2024-05-05 16:33:18,557,Step: 2155, Action: 1, Reward: 7.300000000000002, Observation: [16 17 15 16  1], Done: False
2024-05-05 16:33:18,569,Step: 2160, Action: 1, Reward: 5.8000000000000025, Observation: [17 14 16 17  1], Done: False
2024-05-05 16:33:18,582,Step: 2165, Action: 2, Reward: 5.700000000000001, Observation: [19 10 17 14  2], Done: False
2024-05-05 16:33:18,593,Step: 2170, Action: 0, Reward: 6.9, Observation: [22 13 16 12  0], Done: False
2024-05-05 16:33:18,616,Step: 2175, Action: 3, Reward: 6.700000000000001, Observation: [22 14 15 12  3], Done: False
2024-05-05 16:33:18,628,Step: 2180, Action: 3, Reward: 9.2, Observation: [18 15 18 14  3], Done: False
2024-05-05 16:33:18,640,Step: 2185, Action: 0, Reward: 7.700000000000001, Observation: [14 18 19 15  0], Done: False
2024-05-05 16:33:18,653,Step: 2190, Action: 0, Reward: 6.5, Observation: [15 19 17 15  0], Done: False
2024-05-05 16:33:18,665,Step: 2195, Action: 1, Reward: 5.6000000000000005, Observation: [17 19 15 17  1], Done: False
2024-05-05 16:33:18,677,Step: 2200, Action: 1, Reward: 6.400000000000001, Observation: [20 16 16 18  1], Done: False
2024-05-05 16:33:18,689,Step: 2205, Action: 2, Reward: 4.6000000000000005, Observation: [23 11 18 16  2], Done: False
2024-05-05 16:33:18,702,Step: 2210, Action: 0, Reward: 5.1000000000000005, Observation: [25 13 16 15  0], Done: False
2024-05-05 16:33:18,713,Step: 2215, Action: 2, Reward: 6.800000000000002, Observation: [27 16 16 16  2], Done: False
2024-05-05 16:33:18,725,Step: 2220, Action: 3, Reward: 6.400000000000001, Observation: [25 17 16 15  3], Done: False
2024-05-05 16:33:18,737,Step: 2225, Action: 1, Reward: 9.1, Observation: [23 13 18 16  1], Done: False
2024-05-05 16:33:18,750,Step: 2230, Action: 0, Reward: 9.1, Observation: [22 11 20 16  0], Done: False
2024-05-05 16:33:18,762,Step: 2235, Action: 0, Reward: 8.3, Observation: [21 13 15 18  0], Done: False
2024-05-05 16:33:18,774,Step: 2240, Action: 3, Reward: 5.3, Observation: [20 14 11 21  3], Done: False
2024-05-05 16:33:18,786,Step: 2245, Action: 2, Reward: 8.100000000000001, Observation: [19 15 12 20  2], Done: False
2024-05-05 16:33:18,799,Step: 2250, Action: 2, Reward: 8.399999999999999, Observation: [21 17 13 16  2], Done: False
2024-05-05 16:33:18,810,Step: 2255, Action: 2, Reward: 6.4, Observation: [23 18 15 14  2], Done: False
2024-05-05 16:33:18,822,Step: 2260, Action: 1, Reward: 5.1000000000000005, Observation: [25 18 18 10  1], Done: False
2024-05-05 16:33:18,834,Step: 2265, Action: 3, Reward: 6.3, Observation: [26 16 20 11  3], Done: False
2024-05-05 16:33:18,845,Step: 2270, Action: 0, Reward: 8.1, Observation: [23 16 20 10  0], Done: False
2024-05-05 16:33:18,859,Step: 2275, Action: 3, Reward: 7.700000000000001, Observation: [23 17 17 12  3], Done: False
2024-05-05 16:33:18,871,Step: 2280, Action: 0, Reward: 8.9, Observation: [18 19 16 12  0], Done: False
2024-05-05 16:33:18,883,Step: 2285, Action: 3, Reward: 8.1, Observation: [16 20 15 15  3], Done: False
2024-05-05 16:33:18,894,Step: 2290, Action: 1, Reward: 8.6, Observation: [13 19 17 16  1], Done: False
2024-05-05 16:33:18,907,Step: 2295, Action: 1, Reward: 8.8, Observation: [14 15 19 19  1], Done: False
2024-05-05 16:33:18,919,Step: 2300, Action: 2, Reward: 6.7, Observation: [17  8 22 19  2], Done: False
2024-05-05 16:33:18,931,Step: 2305, Action: 0, Reward: 7.1000000000000005, Observation: [19  8 23 18  0], Done: False
2024-05-05 16:33:18,944,Step: 2310, Action: 2, Reward: 7.7, Observation: [20 10 22 16  2], Done: False
2024-05-05 16:33:18,956,Step: 2315, Action: 0, Reward: 8.1, Observation: [21 12 23 17  0], Done: False
2024-05-05 16:33:18,969,Step: 2320, Action: 0, Reward: 7.900000000000001, Observation: [23 13 18 19  0], Done: False
2024-05-05 16:33:18,981,Step: 2325, Action: 3, Reward: 5.400000000000001, Observation: [24 13 16 20  3], Done: False
2024-05-05 16:33:18,993,Step: 2330, Action: 0, Reward: 6.2, Observation: [21 14 15 23  0], Done: False
2024-05-05 16:33:19,006,Step: 2335, Action: 3, Reward: 5.400000000000001, Observation: [21 15 14 25  3], Done: False
2024-05-05 16:33:19,019,Step: 2340, Action: 1, Reward: 6.4, Observation: [19 15 13 28  1], Done: False
2024-05-05 16:33:19,042,Step: 2345, Action: 2, Reward: 7.000000000000001, Observation: [20 11 13 26  2], Done: False
2024-05-05 16:33:19,054,Step: 2350, Action: 2, Reward: 7.9, Observation: [22 13 14 23  2], Done: False
2024-05-05 16:33:19,067,Step: 2355, Action: 2, Reward: 6.8999999999999995, Observation: [23 15 16 19  2], Done: False
2024-05-05 16:33:19,078,Step: 2360, Action: 2, Reward: 5.700000000000001, Observation: [24 16 16 14  2], Done: False
2024-05-05 16:33:19,090,Step: 2365, Action: 1, Reward: 4.300000000000002, Observation: [24 16 18 10  1], Done: False
2024-05-05 16:33:19,103,Step: 2370, Action: 3, Reward: 6.500000000000001, Observation: [24 14 18 13  3], Done: False
2024-05-05 16:33:19,117,Step: 2375, Action: 3, Reward: 7.700000000000001, Observation: [20 15 21 13  3], Done: False
2024-05-05 16:33:19,130,Step: 2380, Action: 0, Reward: 7.700000000000001, Observation: [18 17 19 12  0], Done: False
2024-05-05 16:33:19,144,Step: 2385, Action: 1, Reward: 9.0, Observation: [17 16 22 10  1], Done: False
2024-05-05 16:33:19,157,Step: 2390, Action: 3, Reward: 10.5, Observation: [15 16 23  9  3], Done: False
2024-05-05 16:33:19,171,Step: 2395, Action: 1, Reward: 6.800000000000002, Observation: [11 17 25 11  1], Done: False
2024-05-05 16:33:19,184,Step: 2400, Action: 1, Reward: 7.800000000000001, Observation: [13 12 27 12  1], Done: False
2024-05-05 16:33:19,196,Step: 2405, Action: 0, Reward: 5.8, Observation: [15  9 24 15  0], Done: False
2024-05-05 16:33:19,209,Step: 2410, Action: 0, Reward: 6.4, Observation: [18 10 22 19  0], Done: False
2024-05-05 16:33:19,222,Step: 2415, Action: 0, Reward: 6.9, Observation: [20 13 20 19  0], Done: False
2024-05-05 16:33:19,235,Step: 2420, Action: 2, Reward: 7.000000000000002, Observation: [22 16 17 17  2], Done: False
2024-05-05 16:33:19,249,Step: 2425, Action: 0, Reward: 8.200000000000001, Observation: [25 17 17 13  0], Done: False
2024-05-05 16:33:19,292,Step: 2430, Action: 3, Reward: 6.8999999999999995, Observation: [25 18 18 14  3], Done: False
2024-05-05 16:33:19,307,Step: 2435, Action: 3, Reward: 8.200000000000001, Observation: [21 20 18 16  3], Done: False
2024-05-05 16:33:19,320,Step: 2440, Action: 3, Reward: 6.300000000000001, Observation: [14 22 21 18  3], Done: False
2024-05-05 16:33:19,333,Step: 2445, Action: 1, Reward: 4.3, Observation: [10 21 21 21  1], Done: False
2024-05-05 16:33:19,345,Step: 2450, Action: 1, Reward: 6.200000000000001, Observation: [10 18 22 22  1], Done: False
2024-05-05 16:33:19,357,Step: 2455, Action: 2, Reward: 3.9000000000000004, Observation: [12 14 24 20  2], Done: False
2024-05-05 16:33:19,370,Step: 2460, Action: 2, Reward: 4.800000000000002, Observation: [15 12 27 16  2], Done: False
2024-05-05 16:33:19,383,Step: 2465, Action: 0, Reward: 4.3999999999999995, Observation: [17 13 27 10  0], Done: False
2024-05-05 16:33:19,394,Step: 2470, Action: 0, Reward: 6.6000000000000005, Observation: [21 14 24 10  0], Done: False
2024-05-05 16:33:19,407,Step: 2475, Action: 3, Reward: 7.8999999999999995, Observation: [21 16 21 11  3], Done: False
2024-05-05 16:33:19,421,Step: 2480, Action: 0, Reward: 9.4, Observation: [19 19 19 13  0], Done: False
2024-05-05 16:33:19,434,Step: 2485, Action: 2, Reward: 8.700000000000001, Observation: [19 21 20 13  2], Done: False
2024-05-05 16:33:19,446,Step: 2490, Action: 1, Reward: 7.800000000000001, Observation: [22 20 21 12  1], Done: False
2024-05-05 16:33:19,456,Step: 2495, Action: 3, Reward: 7.6000000000000005, Observation: [21 18 22 12  3], Done: False
2024-05-05 16:33:19,469,Step: 2500, Action: 0, Reward: 8.1, Observation: [17 18 22 14  0], Done: False
2024-05-05 16:33:19,481,Step: 2505, Action: 0, Reward: 7.800000000000002, Observation: [16 21 18 15  0], Done: False
2024-05-05 16:33:19,504,Step: 2510, Action: 1, Reward: 5.500000000000002, Observation: [17 22 16 17  1], Done: False
2024-05-05 16:33:19,516,Step: 2515, Action: 2, Reward: 8.5, Observation: [20 21 17 16  2], Done: False
2024-05-05 16:33:19,528,Step: 2520, Action: 3, Reward: 8.5, Observation: [19 23 19 13  3], Done: False
2024-05-05 16:33:19,540,Step: 2525, Action: 1, Reward: 7.3, Observation: [17 21 21 13  1], Done: False
2024-05-05 16:33:19,553,Step: 2530, Action: 1, Reward: 6.900000000000001, Observation: [17 17 22 15  1], Done: False
2024-05-05 16:33:19,565,Step: 2535, Action: 0, Reward: 5.500000000000001, Observation: [19 15 21 16  0], Done: False
2024-05-05 16:33:19,577,Step: 2540, Action: 3, Reward: 7.300000000000001, Observation: [19 17 16 18  3], Done: False
2024-05-05 16:33:19,589,Step: 2545, Action: 2, Reward: 9.4, Observation: [17 15 19 19  2], Done: False
2024-05-05 16:33:19,601,Step: 2550, Action: 0, Reward: 10.100000000000001, Observation: [20 17 18 17  0], Done: False
2024-05-05 16:33:19,613,Step: 2555, Action: 3, Reward: 7.700000000000001, Observation: [20 17 16 18  3], Done: False
2024-05-05 16:33:19,625,Step: 2560, Action: 0, Reward: 7.1, Observation: [16 19 16 18  0], Done: False
2024-05-05 16:33:19,638,Step: 2565, Action: 3, Reward: 8.100000000000001, Observation: [17 20 16 19  3], Done: False
2024-05-05 16:33:19,650,Step: 2570, Action: 1, Reward: 6.600000000000002, Observation: [16 20 17 19  1], Done: False
2024-05-05 16:33:19,662,Step: 2575, Action: 1, Reward: 6.400000000000001, Observation: [17 18 16 19  1], Done: False
2024-05-05 16:33:19,675,Step: 2580, Action: 2, Reward: 5.199999999999999, Observation: [19 16 16 17  2], Done: False
2024-05-05 16:33:19,687,Step: 2585, Action: 3, Reward: 8.3, Observation: [19 18 17 12  3], Done: False
2024-05-05 16:33:19,700,Step: 2590, Action: 1, Reward: 8.6, Observation: [18 18 18 11  1], Done: False
2024-05-05 16:33:19,712,Step: 2595, Action: 1, Reward: 7.0, Observation: [22 14 21 13  1], Done: False
2024-05-05 16:33:19,725,Step: 2600, Action: 3, Reward: 5.8, Observation: [22 11 23 16  3], Done: False
2024-05-05 16:33:19,738,Step: 2605, Action: 0, Reward: 6.9, Observation: [18 13 23 18  0], Done: False
2024-05-05 16:33:19,751,Step: 2610, Action: 3, Reward: 8.9, Observation: [16 18 18 19  3], Done: False
2024-05-05 16:33:19,763,Step: 2615, Action: 1, Reward: 8.1, Observation: [13 17 19 20  1], Done: False
2024-05-05 16:33:19,777,Step: 2620, Action: 2, Reward: 7.400000000000001, Observation: [13 16 20 19  2], Done: False
2024-05-05 16:33:19,790,Step: 2625, Action: 0, Reward: 9.4, Observation: [16 18 22 16  0], Done: False
2024-05-05 16:33:19,804,Step: 2630, Action: 3, Reward: 8.799999999999999, Observation: [15 19 20 16  3], Done: False
2024-05-05 16:33:19,821,Step: 2635, Action: 3, Reward: 6.9, Observation: [14 22 23 18  3], Done: False
2024-05-05 16:33:19,835,Step: 2640, Action: 1, Reward: 5.200000000000002, Observation: [14 21 27 19  1], Done: False
2024-05-05 16:33:19,848,Step: 2645, Action: 2, Reward: 5.100000000000001, Observation: [15 17 30 20  2], Done: False
2024-05-05 16:33:19,862,Step: 2650, Action: 0, Reward: 6.100000000000001, Observation: [18 16 27 17  0], Done: False
2024-05-05 16:33:19,876,Step: 2655, Action: 3, Reward: 7.800000000000001, Observation: [19 16 24 17  3], Done: False
2024-05-05 16:33:19,890,Step: 2660, Action: 0, Reward: 7.1, Observation: [17 17 22 18  0], Done: False
2024-05-05 16:33:19,906,Step: 2665, Action: 2, Reward: 8.3, Observation: [17 17 19 18  2], Done: False
2024-05-05 16:33:19,922,Step: 2670, Action: 2, Reward: 8.200000000000001, Observation: [18 18 16 15  2], Done: False
2024-05-05 16:33:19,940,Step: 2675, Action: 0, Reward: 5.200000000000001, Observation: [19 20 16 12  0], Done: False
2024-05-05 16:33:19,967,Step: 2680, Action: 1, Reward: 5.1000000000000005, Observation: [20 18 12 16  1], Done: False
2024-05-05 16:33:19,981,Step: 2685, Action: 3, Reward: 9.2, Observation: [18 18 14 15  3], Done: False
2024-05-05 16:33:19,996,Step: 2690, Action: 1, Reward: 8.9, Observation: [19 17 16 16  1], Done: False
2024-05-05 16:33:20,011,Step: 2695, Action: 1, Reward: 8.7, Observation: [20 14 18 17  1], Done: False
2024-05-05 16:33:20,025,Step: 2700, Action: 1, Reward: 7.1000000000000005, Observation: [19 10 20 19  1], Done: False
2024-05-05 16:33:20,039,Step: 2705, Action: 2, Reward: 5.900000000000001, Observation: [21 10 20 19  2], Done: False
2024-05-05 16:33:20,054,Step: 2710, Action: 3, Reward: 6.200000000000002, Observation: [19 10 23 19  3], Done: False
2024-05-05 16:33:20,070,Step: 2715, Action: 0, Reward: 7.8, Observation: [19 11 20 21  0], Done: False
2024-05-05 16:33:20,083,Step: 2720, Action: 2, Reward: 9.200000000000001, Observation: [21 13 17 19  2], Done: False
2024-05-05 16:33:20,098,Step: 2725, Action: 2, Reward: 7.600000000000001, Observation: [23 16 18 17  2], Done: False
2024-05-05 16:33:20,113,Step: 2730, Action: 1, Reward: 6.500000000000001, Observation: [25 14 20 14  1], Done: False
2024-05-05 16:33:20,129,Step: 2735, Action: 1, Reward: 4.4, Observation: [28 13 21 15  1], Done: False
2024-05-05 16:33:20,142,Step: 2740, Action: 3, Reward: 2.9000000000000012, Observation: [27  9 23 16  3], Done: False
2024-05-05 16:33:20,155,Step: 2745, Action: 0, Reward: 3.5999999999999996, Observation: [24  8 23 19  0], Done: False
2024-05-05 16:33:20,169,Step: 2750, Action: 3, Reward: 7.800000000000002, Observation: [21 10 19 21  3], Done: False
2024-05-05 16:33:20,181,Step: 2755, Action: 0, Reward: 9.6, Observation: [16 14 16 24  0], Done: False
2024-05-05 16:33:20,193,Step: 2760, Action: 2, Reward: 8.9, Observation: [17 16 12 22  2], Done: False
2024-05-05 16:33:20,206,Step: 2765, Action: 2, Reward: 9.4, Observation: [18 18 14 20  2], Done: False
2024-05-05 16:33:20,219,Step: 2770, Action: 2, Reward: 7.6000000000000005, Observation: [20 20 15 15  2], Done: False
2024-05-05 16:33:20,231,Step: 2775, Action: 1, Reward: 5.3, Observation: [21 21 18 13  1], Done: False
2024-05-05 16:33:20,246,Step: 2780, Action: 1, Reward: 6.300000000000001, Observation: [24 18 18 13  1], Done: False
2024-05-05 16:33:20,260,Step: 2785, Action: 3, Reward: 4.600000000000002, Observation: [23 12 19 16  3], Done: False
2024-05-05 16:33:20,274,Step: 2790, Action: 3, Reward: 3.1000000000000014, Observation: [23 14 19 17  3], Done: False
2024-05-05 16:33:20,287,Step: 2795, Action: 0, Reward: 3.5000000000000018, Observation: [21 16 18 17  0], Done: False
2024-05-05 16:33:20,299,Step: 2800, Action: 3, Reward: 7.300000000000001, Observation: [19 17 14 20  3], Done: False
2024-05-05 16:33:20,312,Step: 2805, Action: 2, Reward: 6.800000000000002, Observation: [21 20 14 20  2], Done: False
2024-05-05 16:33:20,325,Step: 2810, Action: 1, Reward: 9.7, Observation: [21 19 15 16  1], Done: False
2024-05-05 16:33:20,339,Step: 2815, Action: 3, Reward: 9.400000000000002, Observation: [22 17 16 15  3], Done: False
2024-05-05 16:33:20,352,Step: 2820, Action: 2, Reward: 8.3, Observation: [21 18 19 14  2], Done: False
2024-05-05 16:33:20,364,Step: 2825, Action: 2, Reward: 7.4, Observation: [26 18 20 10  2], Done: False
2024-05-05 16:33:20,377,Step: 2830, Action: 3, Reward: 5.300000000000001, Observation: [25 19 23  7  3], Done: False
2024-05-05 16:33:20,390,Step: 2835, Action: 0, Reward: 4.8999999999999995, Observation: [26 21 23  5  0], Done: False
2024-05-05 16:33:20,403,Step: 2840, Action: 1, Reward: 8.0, Observation: [27 18 22  7  1], Done: False
2024-05-05 16:33:20,424,Step: 2845, Action: 3, Reward: 12.5, Observation: [27 16 23  9  3], Done: False
2024-05-05 16:33:20,437,Step: 2850, Action: 0, Reward: 9.6, Observation: [22 18 21 11  0], Done: False
2024-05-05 16:33:20,451,Step: 2855, Action: 1, Reward: 8.5, Observation: [22 17 21 10  1], Done: False
2024-05-05 16:33:20,463,Step: 2860, Action: 1, Reward: 9.4, Observation: [24 12 24 12  1], Done: False
2024-05-05 16:33:20,476,Step: 2865, Action: 4, Reward: 4.700000000000001, Observation: [25  8 25 14  4], Done: False
2024-05-05 16:33:20,489,Step: 2870, Action: 0, Reward: 2.000000000000001, Observation: [28  9 25 16  0], Done: False
2024-05-05 16:33:20,502,Step: 2875, Action: 3, Reward: 3.3, Observation: [27 10 22 16  3], Done: False
2024-05-05 16:33:20,516,Step: 2880, Action: 0, Reward: 7.300000000000001, Observation: [25 10 21 17  0], Done: False
2024-05-05 16:33:20,530,Step: 2885, Action: 3, Reward: 7.000000000000001, Observation: [23 12 21 18  3], Done: False
2024-05-05 16:33:20,558,Step: 2890, Action: 0, Reward: 7.2, Observation: [20 14 18 18  0], Done: False
2024-05-05 16:33:20,573,Step: 2895, Action: 3, Reward: 8.299999999999999, Observation: [20 15 16 20  3], Done: False
2024-05-05 16:33:20,586,Step: 2900, Action: 0, Reward: 8.8, Observation: [20 16 17 23  0], Done: False
2024-05-05 16:33:20,598,Step: 2905, Action: 2, Reward: 8.1, Observation: [22 18 17 24  2], Done: False
2024-05-05 16:33:20,611,Step: 2910, Action: 2, Reward: 8.5, Observation: [24 22 20 19  2], Done: False
2024-05-05 16:33:20,625,Step: 2915, Action: 1, Reward: 6.2, Observation: [27 22 23 14  1], Done: False
2024-05-05 16:33:20,637,Step: 2920, Action: 3, Reward: 5.6, Observation: [26 24 25 12  3], Done: False
2024-05-05 16:33:20,650,Step: 2925, Action: 0, Reward: 6.400000000000001, Observation: [23 21 26 10  0], Done: False
2024-05-05 16:33:20,663,Step: 2930, Action: 0, Reward: 7.0, Observation: [23 23 23 13  0], Done: False
2024-05-05 16:33:20,675,Step: 2935, Action: 3, Reward: 6.4, Observation: [23 23 17 14  3], Done: False
2024-05-05 16:33:20,688,Step: 2940, Action: 2, Reward: 6.6, Observation: [20 25 16 13  2], Done: False
2024-05-05 16:33:20,699,Step: 2945, Action: 1, Reward: 6.400000000000001, Observation: [19 26 18 13  1], Done: False
2024-05-05 16:33:20,712,Step: 2950, Action: 1, Reward: 8.8, Observation: [19 20 21 14  1], Done: False
2024-05-05 16:33:20,725,Step: 2955, Action: 3, Reward: 6.900000000000001, Observation: [19 15 24 15  3], Done: False
2024-05-05 16:33:20,737,Step: 2960, Action: 2, Reward: 4.700000000000001, Observation: [20 16 27 12  2], Done: False
2024-05-05 16:33:20,749,Step: 2965, Action: 0, Reward: 5.6000000000000005, Observation: [21 18 26 13  0], Done: False
2024-05-05 16:33:20,762,Step: 2970, Action: 3, Reward: 7.1000000000000005, Observation: [22 20 23 14  3], Done: False
2024-05-05 16:33:20,774,Step: 2975, Action: 0, Reward: 6.6000000000000005, Observation: [19 21 21 16  0], Done: False
2024-05-05 16:33:20,787,Step: 2980, Action: 1, Reward: 8.4, Observation: [21 20 19 19  1], Done: False
2024-05-05 16:33:20,799,Step: 2985, Action: 3, Reward: 11.200000000000001, Observation: [20 19 21 20  3], Done: False
2024-05-05 16:33:20,813,Step: 2990, Action: 0, Reward: 9.0, Observation: [19 17 24 24  0], Done: False
2024-05-05 16:33:20,825,Step: 2995, Action: 2, Reward: 6.4, Observation: [22 17 21 23  2], Done: False
2024-05-05 16:33:20,838,Step: 3000, Action: 2, Reward: 7.2, Observation: [22 19 22 16  2], Done: False
2024-05-05 16:33:20,851,Step: 3005, Action: 1, Reward: 5.500000000000001, Observation: [21 19 23 11  1], Done: False
2024-05-05 16:33:20,862,Step: 3010, Action: 1, Reward: 5.000000000000001, Observation: [22 13 24 12  1], Done: False
2024-05-05 16:33:20,875,Step: 3015, Action: 0, Reward: 2.000000000000001, Observation: [23  7 23 13  0], Done: False
2024-05-05 16:33:20,888,Step: 3020, Action: 0, Reward: 4.0, Observation: [23  8 19 15  0], Done: False
2024-05-05 16:33:20,899,Step: 3025, Action: 3, Reward: 4.500000000000001, Observation: [21  9 16 15  3], Done: False
2024-05-05 16:33:20,911,Step: 3030, Action: 0, Reward: 6.000000000000001, Observation: [18 11 13 16  0], Done: False
2024-05-05 16:33:20,922,Step: 3035, Action: 3, Reward: 7.3999999999999995, Observation: [16 12 12 16  3], Done: False
2024-05-05 16:33:20,933,Step: 3040, Action: 2, Reward: 8.200000000000001, Observation: [13 11 12 14  2], Done: False
2024-05-05 16:33:20,944,Step: 3045, Action: 2, Reward: 8.799999999999999, Observation: [12  9 14  8  2], Done: False
2024-05-05 16:33:20,955,Step: 3050, Action: 0, Reward: 6.900000000000001, Observation: [12 10 11  3  0], Done: False
2024-05-05 16:33:20,965,Step: 3055, Action: 2, Reward: 7.300000000000001, Observation: [12 12  9  4  2], Done: False
2024-05-05 16:33:20,975,Step: 3060, Action: 0, Reward: 7.1000000000000005, Observation: [13 12  8  2  0], Done: False
2024-05-05 16:33:20,986,Step: 3065, Action: 1, Reward: 7.5, Observation: [13  8  9  1  1], Done: False
2024-05-05 16:33:20,996,Step: 3070, Action: 3, Reward: 8.7, Observation: [13  4 10  0  3], Done: False
2024-05-05 16:33:21,008,Step: 3075, Action: 0, Reward: 8.4, Observation: [11  4  8  2  0], Done: False
2024-05-05 16:33:21,018,Step: 3080, Action: 3, Reward: 10.2, Observation: [10  4  5  2  3], Done: False
2024-05-05 16:33:21,027,Step: 3085, Action: 0, Reward: 9.7, Observation: [9 6 3 2 0], Done: False
2024-05-05 16:33:21,037,Step: 3090, Action: 1, Reward: 9.9, Observation: [9 6 1 0 1], Done: False
2024-05-05 16:33:21,046,Step: 3095, Action: 3, Reward: 9.5, Observation: [8 5 2 0 3], Done: False
2024-05-05 16:33:21,056,Step: 3100, Action: 1, Reward: 10.7, Observation: [6 3 2 0 1], Done: False
2024-05-05 16:33:21,065,Step: 3105, Action: 3, Reward: 9.7, Observation: [6 1 1 0 3], Done: False
2024-05-05 16:33:21,074,Step: 3110, Action: 0, Reward: 10.8, Observation: [5 3 1 0 0], Done: False
2024-05-05 16:33:21,082,Step: 3115, Action: 3, Reward: 10.3, Observation: [4 4 1 1 3], Done: False
2024-05-05 16:33:21,091,Step: 3120, Action: 0, Reward: 11.0, Observation: [1 5 1 1 0], Done: False
2024-05-05 16:33:21,100,Step: 3125, Action: 1, Reward: 10.5, Observation: [1 4 0 1 1], Done: False
2024-05-05 16:33:21,108,Step: 3130, Action: 1, Reward: 10.5, Observation: [1 3 2 0 1], Done: False
2024-05-05 16:33:21,115,Step: 3135, Action: 1, Reward: 10.4, Observation: [1 1 3 0 1], Done: False
2024-05-05 16:33:21,125,Step: 3140, Action: 1, Reward: 10.4, Observation: [1 1 3 0 1], Done: False
2024-05-05 16:33:21,132,Step: 3145, Action: 0, Reward: 10.2, Observation: [1 1 1 0 0], Done: False
2024-05-05 16:33:21,140,Step: 3150, Action: 2, Reward: 10.2, Observation: [1 1 1 0 2], Done: False
2024-05-05 16:33:21,148,Step: 3155, Action: 0, Reward: 10.2, Observation: [1 0 2 0 0], Done: False
2024-05-05 16:33:21,157,Step: 3160, Action: 3, Reward: 10.0, Observation: [0 0 2 0 3], Done: False
2024-05-05 16:33:21,164,Step: 3165, Action: 0, Reward: 10.5, Observation: [0 0 3 0 0], Done: False
2024-05-05 16:33:21,173,Step: 3170, Action: 0, Reward: 10.4, Observation: [0 0 2 0 0], Done: False
2024-05-05 16:33:21,181,Step: 3175, Action: 1, Reward: 10.3, Observation: [0 0 1 0 1], Done: False
2024-05-05 16:33:21,188,Step: 3180, Action: 0, Reward: 10.2, Observation: [0 0 0 0 0], Done: False
2024-05-05 16:33:21,196,Step: 3185, Action: 2, Reward: 10.3, Observation: [0 0 1 0 2], Done: False
2024-05-05 16:33:21,204,Step: 3190, Action: 1, Reward: 10.3, Observation: [0 0 1 0 1], Done: False
2024-05-05 16:33:21,211,Step: 3195, Action: 0, Reward: 10.3, Observation: [0 0 1 0 0], Done: False
2024-05-05 16:33:21,219,Step: 3200, Action: 3, Reward: 9.8, Observation: [0 0 0 0 0], Done: False
2024-05-05 16:33:21,226,Step: 3205, Action: 3, Reward: 9.8, Observation: [0 0 0 0 0], Done: False
2024-05-05 16:33:21,232,Step: 3210, Action: 2, Reward: 10.2, Observation: [0 0 0 0 0], Done: False
2024-05-05 16:33:21,241,Step: 3215, Action: 3, Reward: 9.8, Observation: [0 0 0 0 0], Done: False
2024-05-05 16:33:21,247,Step: 3220, Action: 2, Reward: 10.2, Observation: [0 0 0 0 0], Done: False
2024-05-05 16:33:21,254,Step: 3225, Action: 3, Reward: 9.8, Observation: [0 0 0 0 0], Done: False
2024-05-05 16:33:21,261,Step: 3230, Action: 2, Reward: 10.2, Observation: [0 0 0 0 0], Done: False
2024-05-05 16:33:21,269,Step: 3235, Action: 3, Reward: 9.8, Observation: [0 0 0 0 0], Done: False
2024-05-05 16:33:21,275,Step: 3240, Action: 3, Reward: 9.8, Observation: [0 0 0 0 0], Done: False
2024-05-05 16:33:21,283,Step: 3245, Action: 3, Reward: 9.8, Observation: [0 0 0 0 0], Done: False
2024-05-05 16:33:21,290,Step: 3250, Action: 3, Reward: 9.8, Observation: [0 0 0 0 0], Done: False
2024-05-05 16:33:21,297,Step: 3255, Action: 3, Reward: 9.8, Observation: [0 0 0 0 0], Done: False
2024-05-05 16:33:21,305,Step: 3260, Action: 1, Reward: 10.2, Observation: [0 0 0 0 0], Done: False
2024-05-05 16:33:21,312,Step: 3265, Action: 2, Reward: 10.2, Observation: [0 0 0 0 0], Done: False
2024-05-05 16:33:21,319,Step: 3270, Action: 2, Reward: 10.2, Observation: [0 0 0 0 0], Done: False
2024-05-05 16:33:21,326,Step: 3275, Action: 3, Reward: 9.8, Observation: [0 0 0 0 0], Done: False
2024-05-05 16:33:21,332,Step: 3280, Action: 3, Reward: 9.8, Observation: [0 0 0 0 0], Done: False
2024-05-05 16:33:21,340,Step: 3285, Action: 2, Reward: 10.2, Observation: [0 0 0 0 0], Done: False
2024-05-05 16:33:21,347,Step: 3290, Action: 0, Reward: 10.2, Observation: [0 0 0 0 0], Done: False
2024-05-05 16:33:21,355,Step: 3295, Action: 2, Reward: 10.2, Observation: [0 0 0 0 0], Done: False
2024-05-05 16:33:21,361,Step: 3300, Action: 3, Reward: 9.8, Observation: [0 0 0 0 0], Done: False
2024-05-05 16:33:21,370,Step: 3305, Action: 2, Reward: 10.2, Observation: [0 0 0 0 0], Done: False
2024-05-05 16:33:21,376,Step: 3310, Action: 2, Reward: 10.2, Observation: [0 0 0 0 0], Done: False
2024-05-05 16:33:21,383,Step: 3315, Action: 3, Reward: 9.8, Observation: [0 0 0 0 0], Done: False
2024-05-05 16:33:21,391,Step: 3320, Action: 2, Reward: 10.2, Observation: [0 0 0 0 0], Done: False
2024-05-05 16:33:21,398,Step: 3325, Action: 2, Reward: 10.2, Observation: [0 0 0 0 0], Done: False
2024-05-05 16:33:21,406,Step: 3330, Action: 1, Reward: 10.2, Observation: [0 0 0 0 0], Done: False
2024-05-05 16:33:21,413,Step: 3335, Action: 3, Reward: 9.8, Observation: [0 0 0 0 0], Done: False
2024-05-05 16:33:21,420,Step: 3340, Action: 4, Reward: 10.2, Observation: [0 0 0 0 0], Done: False
2024-05-05 16:33:21,428,Step: 3345, Action: 3, Reward: 9.8, Observation: [0 0 0 0 0], Done: False
2024-05-05 16:33:21,435,Step: 3350, Action: 4, Reward: 10.2, Observation: [0 0 0 0 0], Done: False
2024-05-05 16:33:21,442,Step: 3355, Action: 3, Reward: 9.8, Observation: [0 0 0 0 0], Done: False
2024-05-05 16:33:21,449,Step: 3360, Action: 2, Reward: 10.2, Observation: [0 0 0 0 0], Done: False
2024-05-05 16:33:21,457,Step: 3365, Action: 0, Reward: 10.2, Observation: [0 0 0 0 0], Done: False
2024-05-05 16:33:21,464,Step: 3370, Action: 3, Reward: 9.8, Observation: [0 0 0 0 0], Done: False
2024-05-05 16:33:21,472,Step: 3375, Action: 1, Reward: 10.2, Observation: [0 0 0 0 0], Done: False
2024-05-05 16:33:21,479,Step: 3380, Action: 3, Reward: 9.8, Observation: [0 0 0 0 0], Done: False
2024-05-05 16:33:21,486,Step: 3385, Action: 3, Reward: 9.8, Observation: [0 0 0 0 0], Done: False
2024-05-05 16:33:21,493,Step: 3390, Action: 3, Reward: 9.8, Observation: [0 0 0 0 0], Done: False
2024-05-05 16:33:21,500,Step: 3395, Action: 3, Reward: 9.8, Observation: [0 0 0 0 0], Done: False
2024-05-05 16:33:21,508,Step: 3400, Action: 0, Reward: 10.2, Observation: [0 0 0 0 0], Done: False
2024-05-05 16:33:21,514,Step: 3405, Action: 1, Reward: 10.2, Observation: [0 0 0 0 0], Done: False
2024-05-05 16:33:21,522,Step: 3410, Action: 3, Reward: 9.8, Observation: [0 0 0 0 0], Done: False
2024-05-05 16:33:21,528,Step: 3415, Action: 1, Reward: 10.2, Observation: [0 0 0 0 0], Done: False
2024-05-05 16:33:21,537,Step: 3420, Action: 2, Reward: 10.2, Observation: [0 0 0 0 0], Done: False
2024-05-05 16:33:21,543,Step: 3425, Action: 3, Reward: 9.8, Observation: [0 0 0 0 0], Done: False
2024-05-05 16:33:21,549,Step: 3430, Action: 0, Reward: 10.2, Observation: [0 0 0 0 0], Done: False
2024-05-05 16:33:21,557,Step: 3435, Action: 3, Reward: 9.8, Observation: [0 0 0 0 0], Done: False
2024-05-05 16:33:21,564,Step: 3440, Action: 1, Reward: 10.2, Observation: [0 0 0 0 0], Done: False
2024-05-05 16:33:21,572,Step: 3445, Action: 2, Reward: 10.2, Observation: [0 0 0 0 0], Done: False
2024-05-05 16:33:21,579,Step: 3450, Action: 3, Reward: 9.8, Observation: [0 0 0 0 0], Done: False
2024-05-05 16:33:21,587,Step: 3455, Action: 2, Reward: 10.2, Observation: [0 0 0 0 0], Done: False
2024-05-05 16:33:21,594,Step: 3460, Action: 3, Reward: 9.8, Observation: [0 0 0 0 0], Done: False
2024-05-05 16:33:21,602,Step: 3465, Action: 2, Reward: 10.2, Observation: [0 0 0 0 0], Done: False
2024-05-05 16:33:21,609,Step: 3470, Action: 1, Reward: 10.2, Observation: [0 0 0 0 0], Done: False
2024-05-05 16:33:21,616,Step: 3475, Action: 3, Reward: 9.8, Observation: [0 0 0 0 0], Done: False
2024-05-05 16:33:21,624,Step: 3480, Action: 3, Reward: 9.8, Observation: [0 0 0 0 0], Done: False
2024-05-05 16:33:21,631,Step: 3485, Action: 3, Reward: 9.8, Observation: [0 0 0 0 0], Done: False
2024-05-05 16:33:21,639,Step: 3490, Action: 2, Reward: 10.2, Observation: [0 0 0 0 0], Done: False
2024-05-05 16:33:21,647,Step: 3495, Action: 2, Reward: 10.2, Observation: [0 0 0 0 0], Done: False
2024-05-05 16:33:21,655,Step: 3500, Action: 0, Reward: 10.2, Observation: [0 0 0 0 0], Done: False
2024-05-05 16:33:21,662,Step: 3505, Action: 3, Reward: 9.8, Observation: [0 0 0 0 0], Done: False
2024-05-05 16:33:21,671,Step: 3510, Action: 3, Reward: 9.8, Observation: [0 0 0 0 0], Done: False
2024-05-05 16:33:21,677,Step: 3515, Action: 2, Reward: 10.2, Observation: [0 0 0 0 0], Done: False
2024-05-05 16:33:21,686,Step: 3520, Action: 2, Reward: 10.2, Observation: [0 0 0 0 0], Done: False
2024-05-05 16:33:21,693,Step: 3525, Action: 3, Reward: 9.8, Observation: [0 0 0 0 0], Done: False
2024-05-05 16:33:21,700,Step: 3530, Action: 2, Reward: 10.2, Observation: [0 0 0 0 0], Done: False
2024-05-05 16:33:21,708,Step: 3535, Action: 1, Reward: 10.2, Observation: [0 0 0 0 0], Done: False
2024-05-05 16:33:21,715,Step: 3540, Action: 3, Reward: 9.8, Observation: [0 0 0 0 0], Done: False
2024-05-05 16:33:21,724,Step: 3545, Action: 3, Reward: 9.8, Observation: [0 0 0 0 0], Done: False
2024-05-05 16:33:21,730,Step: 3550, Action: 4, Reward: 10.2, Observation: [0 0 0 0 0], Done: False
2024-05-05 16:33:21,738,Step: 3555, Action: 1, Reward: 10.2, Observation: [0 0 0 0 0], Done: False
2024-05-05 16:33:21,746,Step: 3560, Action: 3, Reward: 9.8, Observation: [0 0 0 0 0], Done: False
2024-05-05 16:33:21,754,Step: 3565, Action: 2, Reward: 10.2, Observation: [0 0 0 0 0], Done: False
2024-05-05 16:33:21,762,Step: 3570, Action: 2, Reward: 10.2, Observation: [0 0 0 0 0], Done: False
2024-05-05 16:33:21,771,Step: 3575, Action: 3, Reward: 9.8, Observation: [0 0 0 0 0], Done: False
2024-05-05 16:33:21,780,Step: 3580, Action: 3, Reward: 9.8, Observation: [0 0 0 0 0], Done: False
2024-05-05 16:33:21,789,Step: 3585, Action: 3, Reward: 9.8, Observation: [0 0 0 0 0], Done: False
2024-05-05 16:33:21,822,Step: 3590, Action: 1, Reward: 10.2, Observation: [0 0 0 0 0], Done: False
2024-05-05 16:33:21,831,Step: 3595, Action: 2, Reward: 10.2, Observation: [0 0 0 0 0], Done: False
2024-05-05 17:28:54,115,Step: 3600, Action: 3, Reward: 9.8, Observation: [0 0 0 0 0], Done: True
